round,stack,scenario,kind,seconds
1,Ink,Counter,clean,15.493
1,Ink,Scroll,clean,61.602
1,Ink,Scroll,noop,1.162
1,Expo,Counter,clean,53.401
1,Expo,Scroll,clean,53.404
1,Expo,Scroll,noop,9.530
1,Light-SDK,Counter,clean,47.685
1,Light-SDK,Scroll,clean,38.479
1,Light-SDK,Scroll,noop,7.368
2,Light-SDK,Counter,clean,46.068
2,Light-SDK,Scroll,clean,38.835
2,Light-SDK,Scroll,noop,7.388
2,Expo,Counter,clean,53.586
2,Expo,Scroll,clean,54.592
2,Expo,Scroll,noop,9.675
2,Ink,Counter,clean,15.911
2,Ink,Scroll,clean,61.884
2,Ink,Scroll,noop,1.183
3,Ink,Counter,clean,14.593
3,Ink,Scroll,clean,62.480
3,Ink,Scroll,noop,1.230
3,Expo,Counter,clean,54.106
3,Expo,Scroll,clean,55.240
3,Expo,Scroll,noop,9.690
3,Light-SDK,Counter,clean,45.072
3,Light-SDK,Scroll,clean,38.812
3,Light-SDK,Scroll,noop,7.460
